name,type,size
.idea,directory,3378
.gitignore,file,50
inspectionProfiles,directory,174
profiles_settings.xml,file,174
misc.xml,file,200
modules.xml,file,275
seminar8.iml,file,361
workspace.xml,file,2318
main.py,file,544
task.py,file,2381
venv,directory,13403028
.gitignore,file,42
Include,directory,0
Lib,directory,11992149
site-packages,directory,11992149
distutils-precedence.pth,file,151
pip,directory,6847400
py.typed,file,286
_internal,directory,1035611
build_env.py,file,10234
cache.py,file,10734
cli,directory,87806
autocompletion.py,file,6676
base_command.py,file,7842
cmdoptions.py,file,29381
command_context.py,file,774
main.py,file,2472
main_parser.py,file,4338
parser.py,file,10817
progress_bars.py,file,1968
req_command.py,file,18172
spinners.py,file,5118
status_codes.py,file,116
__init__.py,file,132
commands,directory,119848
cache.py,file,7582
check.py,file,1685
completion.py,file,4129
configuration.py,file,9815
debug.py,file,6573
download.py,file,5289
freeze.py,file,2951
hash.py,file,1703
help.py,file,1132
index.py,file,4762
inspect.py,file,3374
install.py,file,31726
list.py,file,12343
search.py,file,5697
show.py,file,6129
uninstall.py,file,3680
wheel.py,file,7396
__init__.py,file,3882
configuration.py,file,13529
distributions,directory,10466
base.py,file,1221
installed.py,file,729
sdist.py,file,6494
wheel.py,file,1164
__init__.py,file,858
exceptions.py,file,20942
index,directory,60686
collector.py,file,16503
package_finder.py,file,37596
sources.py,file,6557
__init__.py,file,30
locations,directory,34294
base.py,file,2573
_distutils.py,file,6302
_sysconfig.py,file,7867
__init__.py,file,17552
main.py,file,340
metadata,directory,59552
base.py,file,25277
importlib,directory,17627
_compat.py,file,1882
_dists.py,file,8181
_envs.py,file,7457
__init__.py,file,107
pkg_resources.py,file,9773
_json.py,file,2595
__init__.py,file,4280
models,directory,45927
candidate.py,file,990
direct_url.py,file,5877
format_control.py,file,2520
index.py,file,1030
installation_report.py,file,2617
link.py,file,18083
scheme.py,file,738
search_scope.py,file,4644
selection_prefs.py,file,1907
target_python.py,file,3858
wheel.py,file,3600
__init__.py,file,63
network,directory,52426
auth.py,file,12190
cache.py,file,2145
download.py,file,6096
lazy_wheel.py,file,7638
session.py,file,18443
utils.py,file,4073
xmlrpc.py,file,1791
__init__.py,file,50
operations,directory,87624
build,directory,14723
build_tracker.py,file,4133
metadata.py,file,1404
metadata_editable.py,file,1456
metadata_legacy.py,file,2198
wheel.py,file,1063
wheel_editable.py,file,1405
wheel_legacy.py,file,3064
__init__.py,file,0
check.py,file,5109
freeze.py,file,9784
install,directory,32917
editable_legacy.py,file,1354
legacy.py,file,4105
wheel.py,file,27407
__init__.py,file,51
prepare.py,file,25091
__init__.py,file,0
pyproject.py,file,7074
req,directory,99567
constructors.py,file,16611
req_file.py,file,17646
req_install.py,file,35600
req_set.py,file,2858
req_uninstall.py,file,24045
__init__.py,file,2807
resolution,directory,111906
base.py,file,583
legacy,directory,24129
resolver.py,file,24129
__init__.py,file,0
resolvelib,directory,87194
base.py,file,5220
candidates.py,file,18963
factory.py,file,27878
found_candidates.py,file,5705
provider.py,file,9914
reporter.py,file,2526
requirements.py,file,5455
resolver.py,file,11533
__init__.py,file,0
__init__.py,file,0
self_outdated_check.py,file,8020
utils,directory,118977
appdirs.py,file,1665
compat.py,file,1884
compatibility_tags.py,file,5377
datetime.py,file,242
deprecation.py,file,5764
direct_url_helpers.py,file,3206
distutils_args.py,file,1115
egg_link.py,file,2203
encoding.py,file,1169
entrypoints.py,file,3064
filesystem.py,file,5122
filetypes.py,file,716
glibc.py,file,3110
hashes.py,file,4831
inject_securetransport.py,file,795
logging.py,file,11632
misc.py,file,21617
models.py,file,1193
packaging.py,file,2108
setuptools_build.py,file,5662
subprocess.py,file,9197
temp_dir.py,file,7702
unpacking.py,file,8821
urls.py,file,1759
virtualenv.py,file,3459
wheel.py,file,4549
_log.py,file,1015
__init__.py,file,0
vcs,directory,62007
bazaar.py,file,3518
git.py,file,18116
mercurial.py,file,5238
subversion.py,file,11728
versioncontrol.py,file,22811
__init__.py,file,596
wheel_builder.py,file,13079
__init__.py,file,573
_vendor,directory,5808504
cachecontrol,directory,48131
adapter.py,file,5033
cache.py,file,1535
caches,directory,6546
file_cache.py,file,5271
redis_cache.py,file,1033
__init__.py,file,242
compat.py,file,778
controller.py,file,16416
filewrapper.py,file,3946
heuristics.py,file,4154
serialize.py,file,7105
wrapper.py,file,774
_cmd.py,file,1379
__init__.py,file,465
certifi,directory,290998
cacert.pem,file,286370
core.py,file,4279
__init__.py,file,94
__main__.py,file,255
chardet,directory,1092504
big5freq.py,file,31274
big5prober.py,file,1741
chardistribution.py,file,9608
charsetgroupprober.py,file,3817
charsetprober.py,file,4801
cli,directory,2406
chardetect.py,file,2406
__init__.py,file,0
codingstatemachine.py,file,3559
cp949prober.py,file,1838
enums.py,file,1619
escprober.py,file,3864
escsm.py,file,12021
eucjpprober.py,file,3676
euckrfreq.py,file,13566
euckrprober.py,file,1731
euctwfreq.py,file,36913
euctwprober.py,file,1731
gb2312freq.py,file,20735
gb2312prober.py,file,1737
hebrewprober.py,file,13919
jisfreq.py,file,25796
johabfreq.py,file,42498
johabprober.py,file,1730
jpcntx.py,file,26797
langbulgarianmodel.py,file,104562
langgreekmodel.py,file,98484
langhebrewmodel.py,file,98196
langhungarianmodel.py,file,101363
langrussianmodel.py,file,128035
langthaimodel.py,file,102774
langturkishmodel.py,file,95372
latin1prober.py,file,5260
mbcharsetprober.py,file,3367
mbcsgroupprober.py,file,2056
mbcssm.py,file,30068
metadata,directory,13280
languages.py,file,13280
__init__.py,file,0
sbcharsetprober.py,file,6199
sbcsgroupprober.py,file,4129
sjisprober.py,file,3749
universaldetector.py,file,13288
utf1632prober.py,file,8289
utf8prober.py,file,2709
version.py,file,242
__init__.py,file,3705
colorama,directory,27348
ansi.py,file,2522
ansitowin32.py,file,10830
initialise.py,file,1915
win32.py,file,5404
winterm.py,file,6438
__init__.py,file,239
distlib,directory,1139219
compat.py,file,41259
database.py,file,51697
index.py,file,20834
locators.py,file,51991
manifest.py,file,14811
markers.py,file,5058
metadata.py,file,39801
resources.py,file,10820
scripts.py,file,18102
t32.exe,file,97792
t64-arm.exe,file,182784
t64.exe,file,108032
util.py,file,66262
version.py,file,23513
w32.exe,file,91648
w64-arm.exe,file,168448
w64.exe,file,101888
wheel.py,file,43898
__init__.py,file,581
distro,directory,49886
distro.py,file,48841
__init__.py,file,981
__main__.py,file,64
idna,directory,270310
codec.py,file,3374
compat.py,file,321
core.py,file,12950
idnadata.py,file,44375
intranges.py,file,1881
package_data.py,file,21
uts46data.py,file,206539
__init__.py,file,849
msgpack,directory,42850
exceptions.py,file,1081
ext.py,file,6080
fallback.py,file,34557
__init__.py,file,1132
packaging,directory,96292
markers.py,file,8487
requirements.py,file,4676
specifiers.py,file,30110
tags.py,file,15699
utils.py,file,4200
version.py,file,14665
_manylinux.py,file,11488
_musllinux.py,file,4378
_structures.py,file,1431
__about__.py,file,661
__init__.py,file,497
pep517,directory,47390
build.py,file,3443
check.py,file,6083
colorlog.py,file,3994
dirtools.py,file,607
envbuild.py,file,6081
in_process,directory,11673
_in_process.py,file,10801
__init__.py,file,872
meta.py,file,2520
wrappers.py,file,12721
_compat.py,file,138
__init__.py,file,130
pkg_resources,directory,108849
py31compat.py,file,562
__init__.py,file,108287
platformdirs,directory,39067
android.py,file,4068
api.py,file,4910
macos.py,file,2655
unix.py,file,6910
version.py,file,78
windows.py,file,6439
__init__.py,file,12831
__main__.py,file,1176
pygments,directory,479266
cmdline.py,file,23685
console.py,file,1697
filter.py,file,1938
filters,directory,40386
__init__.py,file,40386
formatter.py,file,2917
formatters,directory,135976
bbcode.py,file,3314
groff.py,file,5086
html.py,file,35441
img.py,file,21938
irc.py,file,5871
latex.py,file,19351
other.py,file,5073
pangomarkup.py,file,2212
rtf.py,file,5014
svg.py,file,7335
terminal.py,file,4674
terminal256.py,file,11753
_mapping.py,file,4104
__init__.py,file,4810
lexer.py,file,32005
lexers,directory,134782
python.py,file,53376
_mapping.py,file,70232
__init__.py,file,11174
modeline.py,file,986
plugin.py,file,2591
regexopt.py,file,3072
scanner.py,file,3092
sphinxext.py,file,4630
style.py,file,6257
styles,directory,3419
__init__.py,file,3419
token.py,file,6184
unistring.py,file,63187
util.py,file,9110
__init__.py,file,2999
__main__.py,file,353
pyparsing,directory,370049
actions.py,file,6426
common.py,file,12936
core.py,file,213344
diagram,directory,23685
__init__.py,file,23685
exceptions.py,file,9023
helpers.py,file,39129
results.py,file,25341
testing.py,file,13402
unicode.py,file,10787
util.py,file,6805
__init__.py,file,9171
requests,directory,180427
adapters.py,file,21443
api.py,file,6377
auth.py,file,10187
certs.py,file,575
compat.py,file,1286
cookies.py,file,18560
exceptions.py,file,3823
help.py,file,3879
hooks.py,file,733
models.py,file,35287
packages.py,file,695
sessions.py,file,30180
status_codes.py,file,4235
structures.py,file,2912
utils.py,file,33240
_internal_utils.py,file,1397
__init__.py,file,5178
__version__.py,file,440
resolvelib,directory,30534
compat,directory,156
collections_abc.py,file,156
__init__.py,file,0
providers.py,file,5872
reporters.py,file,1583
resolvers.py,file,17592
structs.py,file,4794
__init__.py,file,537
rich,directory,878477
abc.py,file,890
align.py,file,10368
ansi.py,file,6820
bar.py,file,3264
box.py,file,9864
cells.py,file,4503
color.py,file,17957
color_triplet.py,file,1054
columns.py,file,7131
console.py,file,95885
constrain.py,file,1288
containers.py,file,5497
control.py,file,6630
default_styles.py,file,7954
diagnose.py,file,972
emoji.py,file,2501
errors.py,file,642
filesize.py,file,2507
file_proxy.py,file,1616
highlighter.py,file,9585
json.py,file,5051
jupyter.py,file,3252
layout.py,file,14074
live.py,file,14172
live_render.py,file,3667
logging.py,file,11471
markup.py,file,8198
measure.py,file,5305
padding.py,file,4970
pager.py,file,828
palette.py,file,3396
panel.py,file,8744
pretty.py,file,36576
progress.py,file,59746
progress_bar.py,file,8161
prompt.py,file,11303
protocol.py,file,1391
region.py,file,166
repr.py,file,4449
rule.py,file,4773
scope.py,file,2842
screen.py,file,1591
segment.py,file,24224
spinner.py,file,4374
status.py,file,4425
style.py,file,26240
styled.py,file,1258
syntax.py,file,34697
table.py,file,39515
terminal_theme.py,file,3370
text.py,file,44666
theme.py,file,3627
themes.py,file,102
traceback.py,file,26060
tree.py,file,9169
_cell_widths.py,file,10096
_emoji_codes.py,file,140235
_emoji_replace.py,file,1064
_export_format.py,file,2114
_extension.py,file,265
_inspect.py,file,9695
_log_render.py,file,3225
_loop.py,file,1236
_palettes.py,file,7063
_pick.py,file,423
_ratio.py,file,5472
_spinners.py,file,19919
_stack.py,file,351
_timer.py,file,417
_win32_console.py,file,22820
_windows.py,file,1926
_windows_renderer.py,file,2783
_wrap.py,file,1840
__init__.py,file,5944
__main__.py,file,8808
six.py,file,34549
tenacity,directory,50281
after.py,file,1496
before.py,file,1376
before_sleep.py,file,1908
nap.py,file,1383
retry.py,file,7550
stop.py,file,2790
tornadoweb.py,file,2145
wait.py,file,8011
_asyncio.py,file,3314
_utils.py,file,1944
__init__.py,file,18364
tomli,directory,26226
_parser.py,file,22633
_re.py,file,2943
_types.py,file,254
__init__.py,file,396
typing_extensions.py,file,80114
urllib3,directory,388569
connection.py,file,20070
connectionpool.py,file,39093
contrib,directory,106810
appengine.py,file,11034
ntlmpool.py,file,4538
pyopenssl.py,file,17182
securetransport.py,file,34448
socks.py,file,7097
_appengine_environ.py,file,957
_securetransport,directory,31554
bindings.py,file,17632
low_level.py,file,13922
__init__.py,file,0
__init__.py,file,0
exceptions.py,file,8217
fields.py,file,8579
filepost.py,file,2440
packages,directory,36082
backports,directory,1417
makefile.py,file,1417
__init__.py,file,0
six.py,file,34665
__init__.py,file,0
poolmanager.py,file,19786
request.py,file,5985
response.py,file,30109
util,directory,97190
connection.py,file,4901
proxy.py,file,1605
queue.py,file,498
request.py,file,3997
response.py,file,3510
retry.py,file,22001
ssltransport.py,file,6895
ssl_.py,file,17177
ssl_match_hostname.py,file,5758
timeout.py,file,10003
url.py,file,14287
wait.py,file,5403
__init__.py,file,1155
_collections.py,file,10811
_version.py,file,64
__init__.py,file,3333
vendor.txt,file,469
webencodings,directory,31733
labels.py,file,8979
mklabels.py,file,1305
tests.py,file,6563
x_user_defined.py,file,4307
__init__.py,file,10579
__init__.py,file,4966
__init__.py,file,357
__main__.py,file,1198
__pip-runner__.py,file,1444
pip-22.3.1.dist-info,directory,76670
entry_points.txt,file,125
INSTALLER,file,5
LICENSE.txt,file,1093
METADATA,file,4072
RECORD,file,71279
top_level.txt,file,4
WHEEL,file,92
pip-22.3.1.virtualenv,file,0
pkg_resources,directory,1862509
extern,directory,6750
__init__.py,file,2426
__pycache__,directory,4324
__init__.cpython-311.pyc,file,4324
_vendor,directory,1587614
appdirs.py,file,24701
importlib_resources,directory,25123
abc.py,file,3886
readers.py,file,3566
simple.py,file,2836
_adapters.py,file,4504
_common.py,file,2741
_compat.py,file,2706
_itertools.py,file,884
_legacy.py,file,3494
__init__.py,file,506
jaraco,directory,91021
context.py,file,5420
functools.py,file,13515
text,directory,42141
__init__.py,file,15526
__pycache__,directory,26615
__init__.cpython-311.pyc,file,26615
__init__.py,file,0
__pycache__,directory,29945
context.cpython-311.pyc,file,9435
functools.cpython-311.pyc,file,20298
__init__.cpython-311.pyc,file,212
more_itertools,directory,346293
more.py,file,132569
recipes.py,file,18410
__init__.py,file,83
__pycache__,directory,195231
more.cpython-311.pyc,file,167967
recipes.cpython-311.pyc,file,26958
__init__.cpython-311.pyc,file,306
packaging,directory,231053
markers.py,file,8496
requirements.py,file,4706
specifiers.py,file,30110
tags.py,file,15699
utils.py,file,4200
version.py,file,14665
_manylinux.py,file,11488
_musllinux.py,file,4378
_structures.py,file,1431
__about__.py,file,661
__init__.py,file,497
__pycache__,directory,134722
markers.cpython-311.pyc,file,16548
requirements.cpython-311.pyc,file,7663
specifiers.cpython-311.pyc,file,34377
tags.cpython-311.pyc,file,21362
utils.cpython-311.pyc,file,6697
version.cpython-311.pyc,file,21889
_manylinux.cpython-311.pyc,file,13243
_musllinux.cpython-311.pyc,file,8011
_structures.cpython-311.pyc,file,3699
__about__.cpython-311.pyc,file,656
__init__.cpython-311.pyc,file,577
pyparsing,directory,831340
actions.py,file,6426
common.py,file,12936
core.py,file,213310
diagram,directory,23668
__init__.py,file,23668
exceptions.py,file,9023
helpers.py,file,39129
results.py,file,25341
testing.py,file,13402
unicode.py,file,10787
util.py,file,6805
__init__.py,file,9159
__pycache__,directory,461354
actions.cpython-311.pyc,file,8476
common.cpython-311.pyc,file,14798
core.cpython-311.pyc,file,277650
exceptions.cpython-311.pyc,file,12940
helpers.cpython-311.pyc,file,53641
results.cpython-311.pyc,file,36324
testing.cpython-311.pyc,file,19520
unicode.cpython-311.pyc,file,15378
util.cpython-311.pyc,file,14277
__init__.cpython-311.pyc,file,8350
zipp.py,file,8425
__init__.py,file,0
__pycache__,directory,29658
appdirs.cpython-311.pyc,file,29453
__init__.cpython-311.pyc,file,205
__init__.py,file,108568
__pycache__,directory,159577
__init__.cpython-311.pyc,file,159577
setuptools,directory,3027307
archive_util.py,file,7346
build_meta.py,file,19539
cli-32.exe,file,65536
cli-64.exe,file,74752
cli-arm64.exe,file,137216
cli.exe,file,65536
command,directory,267898
alias.py,file,2381
bdist_egg.py,file,16623
bdist_rpm.py,file,1182
build.py,file,6589
build_clib.py,file,4415
build_ext.py,file,15821
build_py.py,file,14115
develop.py,file,7012
dist_info.py,file,4800
easy_install.py,file,85662
editable_wheel.py,file,31188
egg_info.py,file,26795
install.py,file,5163
install_egg_info.py,file,2226
install_lib.py,file,3875
install_scripts.py,file,2612
launcher manifest.xml,file,628
py36compat.py,file,4946
register.py,file,468
rotate.py,file,2128
saveopts.py,file,658
sdist.py,file,7071
setopt.py,file,5086
test.py,file,8102
upload.py,file,462
upload_docs.py,file,7494
__init__.py,file,396
config,directory,369045
expand.py,file,16319
pyprojecttoml.py,file,19304
setupcfg.py,file,25198
_apply_pyprojecttoml.py,file,13398
_validate_pyproject,directory,293705
error_reporting.py,file,11266
extra_validations.py,file,1153
fastjsonschema_exceptions.py,file,1612
fastjsonschema_validations.py,file,269900
formats.py,file,8736
__init__.py,file,1038
__init__.py,file,1121
depends.py,file,5499
dep_util.py,file,949
discovery.py,file,20799
dist.py,file,45578
errors.py,file,2464
extension.py,file,5591
extern,directory,2512
__init__.py,file,2512
glob.py,file,4873
gui-32.exe,file,65536
gui-64.exe,file,75264
gui-arm64.exe,file,137728
gui.exe,file,65536
installer.py,file,3824
launch.py,file,812
logging.py,file,1210
monkey.py,file,4857
msvc.py,file,47724
namespaces.py,file,3093
package_index.py,file,40329
py34compat.py,file,245
sandbox.py,file,14348
script (dev).tmpl,file,218
script.tmpl,file,138
unicode_utils.py,file,941
version.py,file,144
wheel.py,file,8376
windows_support.py,file,718
_deprecation_warning.py,file,218
_distutils,directory,604933
archive_util.py,file,8603
bcppcompiler.py,file,14789
ccompiler.py,file,47369
cmd.py,file,17973
command,directory,208459
bdist.py,file,5441
bdist_dumb.py,file,4701
bdist_rpm.py,file,22051
build.py,file,5617
build_clib.py,file,7728
build_ext.py,file,31558
build_py.py,file,16568
build_scripts.py,file,5624
check.py,file,4888
clean.py,file,2603
config.py,file,13137
install.py,file,30221
install_data.py,file,2779
install_egg_info.py,file,2785
install_headers.py,file,1189
install_lib.py,file,8434
install_scripts.py,file,1936
py37compat.py,file,672
register.py,file,11765
sdist.py,file,19241
upload.py,file,7477
_framework_compat.py,file,1614
__init__.py,file,430
config.py,file,4920
core.py,file,9451
cygwinccompiler.py,file,12537
debug.py,file,139
dep_util.py,file,3423
dir_util.py,file,8082
dist.py,file,50186
errors.py,file,3589
extension.py,file,10270
fancy_getopt.py,file,17910
filelist.py,file,13713
file_util.py,file,8226
log.py,file,1972
msvc9compiler.py,file,30235
msvccompiler.py,file,23602
py38compat.py,file,217
py39compat.py,file,639
spawn.py,file,3517
sysconfig.py,file,18858
text_file.py,file,12096
unixccompiler.py,file,15641
util.py,file,18128
version.py,file,12952
versionpredicate.py,file,5248
_collections.py,file,1330
_functools.py,file,411
_macos_compat.py,file,239
_msvccompiler.py,file,19672
__init__.py,file,537
_entry_points.py,file,1972
_imp.py,file,2392
_importlib.py,file,1311
_itertools.py,file,675
_path.py,file,749
_reqs.py,file,501
_vendor,directory,839953
importlib_metadata,directory,42846
_adapters.py,file,1862
_collections.py,file,743
_compat.py,file,1828
_functools.py,file,2895
_itertools.py,file,2068
_meta.py,file,1154
_text.py,file,2166
__init__.py,file,30130
importlib_resources,directory,25123
abc.py,file,3886
readers.py,file,3566
simple.py,file,2836
_adapters.py,file,4504
_common.py,file,2741
_compat.py,file,2706
_itertools.py,file,884
_legacy.py,file,3494
__init__.py,file,506
jaraco,directory,34449
context.py,file,5420
functools.py,file,13512
text,directory,15517
__init__.py,file,15517
__init__.py,file,0
more_itertools,directory,134297
more.py,file,117959
recipes.py,file,16256
__init__.py,file,82
ordered_set.py,file,15130
packaging,directory,96322
markers.py,file,8493
requirements.py,file,4700
specifiers.py,file,30110
tags.py,file,15699
utils.py,file,4200
version.py,file,14665
_manylinux.py,file,11488
_musllinux.py,file,4378
_structures.py,file,1431
__about__.py,file,661
__init__.py,file,497
pyparsing,directory,369986
actions.py,file,6426
common.py,file,12936
core.py,file,213310
diagram,directory,23668
__init__.py,file,23668
exceptions.py,file,9023
helpers.py,file,39129
results.py,file,25341
testing.py,file,13402
unicode.py,file,10787
util.py,file,6805
__init__.py,file,9159
tomli,directory,26226
_parser.py,file,22633
_re.py,file,2943
_types.py,file,254
__init__.py,file,396
typing_extensions.py,file,87149
zipp.py,file,8425
__init__.py,file,0
__init__.py,file,8429
setuptools-65.5.1.dist-info,directory,45895
entry_points.txt,file,2740
INSTALLER,file,5
LICENSE,file,1050
METADATA,file,6311
RECORD,file,35656
top_level.txt,file,41
WHEEL,file,92
setuptools-65.5.1.virtualenv,file,0
wheel,directory,95910
bdist_wheel.py,file,19293
cli,directory,15853
convert.py,file,9427
pack.py,file,3383
unpack.py,file,659
__init__.py,file,2384
macosx_libfile.py,file,16145
metadata.py,file,3727
util.py,file,621
vendored,directory,31475
packaging,directory,31475
tags.py,file,15612
_manylinux.py,file,11489
_musllinux.py,file,4374
__init__.py,file,0
__init__.py,file,0
wheelfile.py,file,7536
_setuptools_logging.py,file,746
__init__.py,file,59
__main__.py,file,455
wheel-0.38.4.dist-info,directory,6262
entry_points.txt,file,107
INSTALLER,file,5
LICENSE.txt,file,1107
METADATA,file,2110
RECORD,file,2835
top_level.txt,file,6
WHEEL,file,92
wheel-0.38.4.virtualenv,file,0
_distutils_hack,directory,17336
override.py,file,44
__init__.py,file,6128
__pycache__,directory,11164
__init__.cpython-311.pyc,file,11164
_virtualenv.pth,file,18
_virtualenv.py,file,5770
__pycache__,directory,6921
_virtualenv.cpython-311.pyc,file,6921
pyvenv.cfg,file,563
Scripts,directory,1410274
activate,file,2167
activate.bat,file,1020
activate.fish,file,3044
activate.nu,file,2607
Activate.ps1,file,1758
activate_this.py,file,1169
deactivate.bat,file,511
deactivate.nu,file,682
pip-3.11.exe,file,108422
pip.exe,file,108422
pip3.11.exe,file,108422
pip3.exe,file,108422
pydoc.bat,file,24
python.exe,file,270616
pythonw.exe,file,259352
wheel-3.11.exe,file,108409
wheel.exe,file,108409
wheel3.11.exe,file,108409
wheel3.exe,file,108409
